A,B,MAE(A) - MAE(B),2.5%,97.5%,P(A better),2.5% (by Kraj),97.5% (by Kraj),P(A better) (by Kraj)
Method B: Decision Tree,Direct Linear Regression + anchor,-0.00680814219425363,-0.023848477061137435,0.0100553382571033,0.7945,-0.027490769622933654,0.014390423039671554,0.7305
Method B: Decision Tree,Method B: Linear Regression,-0.006956920701688851,-0.03942845538533636,0.02626905798393248,0.6645,-0.059745123144738184,0.04051726031666265,0.6045
Method B: Decision Tree,Method B: Gradient Boosting,-0.03249993207966062,-0.1278508307216369,0.06456674589293625,0.764,-0.10201512564868873,0.030407291913221467,0.831
Method B: Decision Tree,Method B: Random Forest,-0.1577213444606247,-0.37895444025212566,0.07077362627094645,0.923,-0.3254588384791355,0.026114302001021668,0.957
Direct Linear Regression + anchor,Method B: Linear Regression,-0.00014877850743522103,-0.03698782139092502,0.03797900769356535,0.509,-0.053985977918456024,0.0520888256772021,0.517
Direct Linear Regression + anchor,Method B: Gradient Boosting,-0.02569178988540699,-0.12687700693614368,0.07692555265595606,0.699,-0.09522819322524052,0.03776868890130861,0.7725
Direct Linear Regression + anchor,Method B: Random Forest,-0.15091320226637106,-0.3771441976320158,0.08611539878812122,0.9035,-0.32592867042127616,0.04567422370700186,0.936
Method B: Linear Regression,Method B: Gradient Boosting,-0.02554301137797177,-0.10813115396498074,0.060183995640214205,0.7335,-0.09535340821244112,0.04344984313612118,0.7625
Method B: Linear Regression,Method B: Random Forest,-0.15076442375893584,-0.36288431123937587,0.06039206270230222,0.922,-0.3029685418023502,0.045023062314881936,0.9455
Method B: Gradient Boosting,Method B: Random Forest,-0.12522141238096407,-0.3219024799226054,0.07571267827706606,0.9,-0.2641308447321883,0.036137291671628345,0.934
