okres,kraj,y_true,Kraj mean,Direct Linear Regression,Direct Linear Regression + anchor,Direct Decision Tree,Direct Decision Tree + anchor,Direct Random Forest,Direct Random Forest + anchor,Direct Gradient Boosting,Direct Gradient Boosting + anchor
benesov,stredoceskykraj,1.9,3.1,2.4880675852521037,2.73634145268757,3.1,3.2787133208300694,3.165666666666673,3.1505889025908527,3.0986534034733713,3.1895360853925276
beroun,stredoceskykraj,3.4,3.1,2.5831742664364388,2.840938432164664,2.5,2.644123645830701,3.095000000000004,3.08025881442098,2.8572068046665193,2.9410079219243204
blansko,jihomoravskykraj,3.0,4.0,2.0522744935317325,2.5794795227675698,2.6,2.706856522055169,2.7913333333333337,3.122697245276094,2.6360771144875215,2.7301673828039443
breclav,jihomoravskykraj,3.0,4.0,2.1510922318392587,2.70368236856322,2.8,2.915076254520951,2.848333333333333,3.186463811904015,2.8095522321694735,2.9098343983932877
brno-mesto,jihomoravskykraj,4.8,4.0,4.289577658450915,5.391519392834236,5.3,5.517822910343229,4.432999999999996,4.959248944939902,5.180909913162741,5.3658336398525295
brno-venkov,jihomoravskykraj,3.0,4.0,1.9840111184538063,2.4936800945119995,2.8,2.915076254520951,2.9900000000000007,3.3449479687277965,2.958955258197007,3.064570110148776
bruntal,moravskoslezskykraj,5.7,4.9,3.9524709554068584,4.425635397512878,4.9,5.992594564774527,4.46466666666666,5.475544007598691,5.1411592267648825,6.131053420136481
ceskalipa,libereckykraj,2.9,3.7,3.0180469860768713,3.773398092849183,3.2,3.0211652176318324,3.2860000000000036,3.233299563419058,3.2224360780699315,2.9956530538803574
ceskebudejovice,jihoceskykraj,2.4,2.6,2.715189648363574,2.2275961493101057,2.7,2.665160526388403,2.859000000000008,2.5768854637017498,2.6887584792733987,2.5492673262946695
ceskykrumlov,jihoceskykraj,3.5,2.6,2.654592714537088,2.177881207102207,2.5,2.4677412281374096,3.0093333333333354,2.7123845128016026,2.6333480797571553,2.4967315845712754
cheb,karlovarskykraj,3.5,4.0,3.4742132285311627,3.3779906737546344,3.2,3.471214941891576,3.3896666666666793,3.5515055064168517,3.216485579046968,3.3430204435777413
chomutov,usteckykraj,6.1,5.3,4.891516240784052,5.436155356054074,5.3,6.3063895400960845,4.572999999999997,5.7798280780281885,5.207917775661826,6.014641703616964
chrudim,pardubickykraj,2.3,2.5,2.2774327124174096,2.2235142832664865,2.5,1.797465068112036,2.7786666666666644,1.9985298818125816,2.590958806053406,1.8186226258418896
decin,usteckykraj,4.8,5.3,4.9751247389709885,5.5290731269164075,4.9,5.830435612541664,4.454999999999997,5.630687532826499,5.16265436665561,5.9623668407669905
domazlice,plzenskykraj,3.2,2.7,2.4425977695345393,2.7439270601791126,3.1,2.725366183444381,2.9593333333333387,2.571961389476869,3.0124668353521913,2.7868404044698964
frydek-mistek,moravskoslezskykraj,3.1,4.9,4.022009986959863,4.5034991953805745,2.7,3.302041903039025,3.092000000000006,3.792081993018189,2.801261282954687,3.3406245191053054
havlickuvbrod,krajvysocina,2.7,2.8,3.1931812326274795,3.4297985817162164,2.5,2.237013269040487,2.7796666666666656,2.502794739276554,2.5973659010248107,2.3406667884317627
hlavnimestopraha,hlavnimestopraha,3.1,3.1,3.222790226225537,3.1,3.1,3.1,3.157000000000013,3.1,3.0998648567441642,3.1000000000000005
hodonin,jihomoravskykraj,4.8,4.0,3.169442711852442,3.9836350349699843,2.5,2.602746655822278,2.769666666666667,3.098458491879516,2.601938558328673,2.6948103092158187
hradeckralove,kralovehradeckykraj,2.9,2.9,3.1384351833738906,3.4810069752383126,3.7,3.513094901182486,3.2230000000000123,3.0689607999122432,3.346082244321024,3.1434336552959747
jablonecnadnisou,libereckykraj,3.9,3.7,3.3265263346204232,4.159083070865608,3.1,2.9267538045808372,3.4550000000000107,3.399589163607081,3.2786019225202003,3.0478661558240248
jesenik,olomouckykraj,3.3,3.2,2.6079344690990394,2.3649936228264776,2.8,2.16993198289323,2.887999999999998,2.3776165510427463,2.8502674834269635,2.2050369333651476
jicin,kralovehradeckykraj,1.8,2.9,2.437351314896214,2.7033972131102058,3.1,2.9434038361258668,3.007666666666672,2.8639190503266225,3.1301335711188907,2.940563469330823
jihlava,krajvysocina,2.6,2.8,3.5456914962758335,3.808430145107527,4.0,3.5792212304647792,3.821333333333339,3.440704987536451,3.9933186378458263,3.598656742025969
jindrichuvhradec,jihoceskykraj,2.0,2.6,3.4495292270902853,2.8300630962666546,2.8,2.763870175513899,2.8223333333333334,2.5438369151408016,2.8144726518524337,2.6684595241355513
karlovyvary,karlovarskykraj,4.8,4.0,5.5027332039379635,5.350328324816482,4.9,5.315297879771475,4.718999999999992,4.944307547875219,5.116357444113353,5.317632276588653
karvina,moravskoslezskykraj,8.9,4.9,5.0500245414722515,5.654581050994143,4.9,5.992594564774527,4.800666666666669,5.887620187952553,5.078068534559849,6.055815057121248
kladno,stredoceskykraj,4.8,3.1,5.549568921260056,6.103337213909266,3.1,3.2787133208300694,3.553333333333341,3.5364091504283977,3.1594014298789603,3.252065835289633
klatovy,plzenskykraj,2.4,2.7,2.379917956641889,2.6735147979277305,2.8,2.461621068917505,2.844333333333329,2.472014703357293,2.7989569944969928,2.5893219308175084
kolin,stredoceskykraj,4.0,3.1,2.3560411991996286,2.5911407052700457,3.1,3.2787133208300694,3.2090000000000054,3.1937158434497346,3.1293148960372945,3.221096871395572
kromeriz,zlinskykraj,2.7,2.7,2.823063496808685,2.4386764870471973,2.5,2.0117486589405282,2.7283333333333357,2.242683639040176,2.5324596716863788,2.104166262923885
kutnahora,stredoceskykraj,3.0,3.1,3.4428496377541458,3.786397216457642,3.1,3.2787133208300694,3.0563333333333356,3.0417763133468982,3.007913491745296,3.0961347961364876
liberec,libereckykraj,4.3,3.7,3.2036273021181136,4.005425100331476,5.3,5.003804891702722,4.415666666666662,4.344848784399693,5.194351027624421,4.828791988994106
litomerice,usteckykraj,3.2,5.3,2.2700811564716834,2.5228402053619536,2.6,3.09370052910374,3.075666666666669,3.887344097672292,2.873483396865098,3.3185956111297132
louny,usteckykraj,5.7,5.3,3.191431699564877,3.546777251278124,2.5,2.9747120472151343,2.7400000000000038,3.4630940157002557,2.531926811517075,2.9241307653174813
melnik,stredoceskykraj,4.4,3.1,2.353779147522843,2.5886529329088774,3.1,3.2787133208300694,3.0116666666666743,2.997322389692363,3.1306035749722905,3.2224233469417065
mladaboleslav,stredoceskykraj,2.1,3.1,2.402897215004649,2.64267228709485,2.6,2.7498885916639293,2.7773333333333383,2.7641051633554783,2.560491885956633,2.635590433398929
most,usteckykraj,6.8,5.3,7.423442919562321,8.249995911507385,4.9,5.830435612541664,4.644999999999997,5.870829088659728,5.2040486137709445,6.010173195574135
nachod,kralovehradeckykraj,3.4,2.9,2.331993216654974,2.5865388893128882,2.7,2.563609792754787,2.830000000000001,2.6947437368140297,2.795116642065615,2.6258361515348247
novyjicin,moravskoslezskykraj,3.2,4.9,2.7782444019682586,3.1108379813576774,2.5,3.0574462065176156,2.782333333333332,3.412301465688093,2.5992860463234377,3.0997603655727337
nymburk,stredoceskykraj,4.2,3.1,2.6634215985952876,2.9291933102698327,2.5,2.644123645830701,3.0483333333333356,3.0338144165729504,2.826484800487817,2.909384849516896
olomouc,olomouckykraj,3.0,3.2,4.029025833897104,3.653703924033653,4.0,3.0999028327046148,4.0516666666666685,3.3356335616256483,3.992619025710387,3.088788144880568
opava,moravskoslezskykraj,2.8,4.9,2.9799475689220127,3.336687756228217,3.2,3.913531144342548,3.0310000000000055,3.7172705436087097,3.117123249026824,3.7173034940135015
ostrava-mesto,moravskoslezskykraj,6.3,4.9,5.530626533097514,6.192717626885314,4.9,5.992594564774527,4.7790000000000035,5.861047815211482,4.999993543521018,5.962707273502385
pardubice,pardubickykraj,2.2,2.5,4.096771910409574,3.9997804582386585,5.3,3.810625944397516,4.627666666666663,3.3284057520638277,5.129438049718855,3.600409266746452
pelhrimov,krajvysocina,1.9,2.8,1.8644215063790184,2.0025766696111513,3.1,2.773896453610204,2.8380000000000045,2.5553177131791127,2.937605124659931,2.6472799808858225
pisek,jihoceskykraj,2.4,2.6,3.2917454248610736,2.7006140942490116,2.7,2.665160526388403,2.809000000000004,2.531819261118645,2.738784324382899,2.596697861015806
plzen-jih,plzenskykraj,2.3,2.7,1.8020538853504509,2.0243629473453058,2.8,2.461621068917505,3.117666666666665,2.7095691457284405,2.9228983080098163,2.7039803417341637
plzen-mesto,plzenskykraj,2.7,2.7,3.0750087806194757,3.454354993961213,3.7,3.2528564124981325,3.2393333333333425,2.8153098426375576,3.0238482468312524,2.7973693759418885
plzen-sever,plzenskykraj,2.8,2.7,1.6319173856225249,1.833237682534893,2.6,2.285790992566255,3.206000000000003,2.7863397886898515,2.9299164750291307,2.710472865132336
prachatice,jihoceskykraj,2.4,2.6,2.044777094162463,1.677576217889251,2.6,2.5664508772629064,2.9450000000000034,2.65439933214468,2.8959828799481557,2.7457410512213913
praha-vychod,stredoceskykraj,1.5,3.1,2.7807698941155365,3.0582513018363087,3.1,3.2787133208300694,3.102000000000009,3.0872254740981893,3.15978253938847,3.252458122639908
praha-zapad,stredoceskykraj,2.0,3.1,1.5989550418524545,1.7585080839198077,3.1,3.2787133208300694,3.1670000000000096,3.1519158853865137,3.1598127684578583,3.252489238319878
prerov,olomouckykraj,4.2,3.2,3.86193068857924,3.5021744443766987,5.3,4.107371253333614,4.484666666666661,3.6921113893962483,5.194577321165089,4.018652604708607
pribram,stredoceskykraj,4.0,3.1,2.349587068805956,2.5840425441742862,2.8,2.961418483330385,2.9123333333333328,2.8984621714158387,2.9673502065798045,3.0543818005828776
prostejov,olomouckykraj,2.2,3.2,3.742270915367012,3.393661518185901,5.3,4.107371253333614,4.332666666666662,3.5669736761834723,5.179794195575535,4.007216015649832
rakovnik,stredoceskykraj,3.1,3.1,1.9437525947381074,2.1377115438011627,2.8,2.961418483330385,3.0496666666666656,3.035141399368605,2.8244107722303746,2.9072499905611244
rokycany,plzenskykraj,3.3,2.7,1.1278393448521506,1.2669744222620103,2.5,2.19787595439063,3.095333333333336,2.690159209583485,2.86430883787266,2.649779080250194
rychnovnadkneznou,kralovehradeckykraj,1.8,2.9,1.9862682271124565,2.2030767402498204,2.5,2.3737127710692474,3.0316666666666707,2.8867720007448323,2.894062584033446,2.7187896360358477
semily,libereckykraj,3.7,3.7,1.7507812213664815,2.1889634429741034,2.5,2.3602853262748686,3.1736666666666693,3.1227678173374764,2.894001212163691,2.690332208030684
sokolov,karlovarskykraj,5.2,4.0,2.9525189079837038,2.870745311009545,2.6,2.8203621402869055,3.0773333333333373,3.224259891360045,2.838149549368929,2.949800871882826
strakonice,jihoceskykraj,2.6,2.6,4.387588646826223,3.5996658945416273,2.5,2.4677412281374096,2.807333333333339,2.530317054365876,2.6287127552269482,2.492336737855693
sumperk,olomouckykraj,3.4,3.2,2.2410240234673173,2.032262538380471,2.5,1.9374392704403842,2.8203333333333327,2.321908314678288,2.760120729343528,2.135297190224281
svitavy,pardubickykraj,2.2,2.5,1.2321746083726928,1.2030027610724978,2.5,1.797465068112036,2.7483333333333317,1.9767129169319504,2.609966768493658,1.8319645247884229
tabor,jihoceskykraj,3.1,2.6,3.7601979483759314,3.084941958103834,2.5,2.4677412281374096,2.9923333333333364,2.697062003923349,2.8549496020023226,2.7068365547541786
tachov,plzenskykraj,3.2,2.7,2.7465620729406224,3.0853896979687896,2.5,2.19787595439063,2.995333333333334,2.6032490477403814,2.6223117331845427,2.4259069694620496
teplice,usteckykraj,4.4,5.3,4.237078494189632,4.708850143062904,5.3,6.3063895400960845,4.572666666666656,5.779406777053033,5.287068495586609,6.106053135486279
trebic,krajvysocina,3.5,2.8,2.4823177802062686,2.6662595642637124,3.1,2.773896453610204,3.0840000000000027,2.7768145974081673,3.011711880827748,2.7140627252392386
trutnov,kralovehradeckykraj,3.1,2.9,2.66002142285649,2.950372585771406,2.8,2.658558303597557,3.026666666666664,2.8820109694076987,3.085607813149521,2.8987343223138824
uherskehradiste,zlinskykraj,2.5,2.7,2.9653912057515788,2.5616249214861315,4.0,3.218797854304845,3.6153333333333375,2.9717955710482293,3.999544365495611,3.3231353750794836
ustinadlabem,usteckykraj,6.1,5.3,5.968375282205093,6.632915779116255,4.9,5.830435612541664,4.764333333333331,6.021654837762004,5.077937910743853,5.864527521741889
ustinadorlici,pardubickykraj,2.2,2.5,1.7021008913784317,1.661803496061713,2.5,1.797465068112036,3.0003333333333355,2.1579615482479695,2.902321165153631,2.037171307423477
vsetin,zlinskykraj,3.4,2.7,2.315295488515777,2.000045934068665,2.9,2.3336284443710125,2.880666666666668,2.367901283883347,2.8237050279685985,2.346155764187772
vyskov,jihomoravskykraj,2.5,4.0,2.428310191671792,3.0521143414718996,2.5,2.602746655822278,2.7783333333333333,3.108153993238147,2.5973770972295402,2.690086034556956
zdarnadsazavou,krajvysocina,3.1,2.8,1.7440250942758286,1.873258784595442,2.8,2.505454861325345,2.849333333333329,2.565522176680173,2.8166945516958055,2.5383190669091973
zlin,zlinskykraj,2.4,2.7,3.9889401526559616,3.445807920904793,3.7,2.977388015231982,3.64900000000001,2.9994694925562433,3.424293092821468,2.8451714674217037
znojmo,jihomoravskykraj,4.5,4.0,3.6547693537181445,4.593636347412243,4.9,5.101383445411665,4.339333333333329,4.854462949487001,5.052913606479509,5.233268723710511
