Method,Family,MAE,RMSE,R2,Within-Kraj r,Anchor gap
Kraj mean,Baseline,0.7315789473684209,0.9733285267845752,0.4618511259132647,,4.440892098500626e-16
Direct Linear Regression,Baseline,0.9000588710636283,1.1321782946070837,0.27186286429130047,0.42517334459163425,0.817537064485303
Direct Linear Regression + anchor,Baseline,0.8197507130881724,1.017792420051185,0.4115603125067854,0.47887604631991837,8.881784197001252e-16
Direct Decision Tree,Baseline,0.8881578947368421,1.1889291953598193,0.1970370341230837,0.26981679900366856,0.9771190332865136
Direct Decision Tree + anchor,Baseline,0.7838658606156195,1.007930924522216,0.4229079759562895,0.4025470853683169,4.440892098500626e-16
Direct Random Forest,Baseline,0.7598947368421057,1.0660052636934882,0.35449110652381977,0.2942441121316607,1.1066399773834625
Direct Random Forest + anchor,Baseline,0.6494450710748307,0.8551685688434539,0.5845803912149843,0.49735804745452133,1.7763568394002505e-15
Direct Gradient Boosting,Baseline,0.8194847314606831,1.1143790498796549,0.2945773346585281,0.31192883090517104,1.0617048435955492
Direct Gradient Boosting + anchor,Baseline,0.7167570257367901,0.9461577188536101,0.49147699427394265,0.4478541823154529,1.7763568394002505e-15
