Method,MAE,MAE 2.5%,MAE 97.5%,Δ vs Kraj mean,Δ 2.5%,Δ 97.5%,P(better),Δ 2.5% (by Kraj),Δ 97.5% (by Kraj),P(better) (by Kraj)
Method A: Linear Regression,0.6403205602863873,0.5343879863069785,0.756483396639124,-0.0912583870820336,-0.17333769194704898,-0.009542323801527459,0.9865,-0.20427872328287297,0.016461527302398193,0.9445
Direct Random Forest + anchor,0.6494450710748307,0.532414107914347,0.7846775836446864,-0.08213387629359015,-0.2106065992938843,0.03833001517874855,0.9015,-0.2923848868018595,0.0834063620440411,0.7875
Method B: Linear Regression,0.6913767574180865,0.5754411161039359,0.8145433679970484,-0.04020218995033442,-0.20702350360946103,0.11998007588930226,0.6985,-0.25152182411465035,0.17583756564524547,0.6155
Method B: Gradient Boosting,0.6964735580920376,0.5839581473360922,0.8182044992674906,-0.03510538927638329,-0.19108978113993913,0.11782936305131797,0.68,-0.23955130302433636,0.17422440775476183,0.6045
Method B: Random Forest,0.6969684722435313,0.5835794508833136,0.8227820163962515,-0.03461047512488957,-0.19003917177505927,0.11759147445294843,0.6825,-0.22692578210721198,0.16386113268137512,0.613
Method B: Decision Tree,0.7031033292160445,0.5900703183251877,0.8253567972727386,-0.028475618152376425,-0.18540314798766488,0.12482787800952451,0.6595,-0.23258384290405923,0.17911012291449338,0.581
Direct Gradient Boosting + anchor,0.7167570257367901,0.5857771865622181,0.8600146123995731,-0.014821921631630763,-0.1795869230906988,0.13433574856525907,0.5705,-0.2487622810867619,0.16925424196889938,0.5015
Method A: Random Forest,0.72153762458971,0.5947510024412765,0.8654884580263942,-0.010041322778710837,-0.044411184519190516,0.02381215338806067,0.72,-0.05201714543750525,0.030177799080046964,0.668
Method A: Gradient Boosting,0.7259450917119094,0.598503097326187,0.8739248693756958,-0.005633855656511533,-0.021271274936385885,0.010648009401083439,0.752,-0.022910057259509668,0.012198347181748859,0.7285
Kraj mean,0.7315789473684209,0.5960197368421052,0.8868421052631578,0.0,0.0,0.0,0.0,0.0,0.0,0.0
Method A: Decision Tree,0.7395412195019422,0.6051483721220625,0.8914732571427181,0.007962272133521298,0.0022954220838523414,0.014426953017737639,0.002,0.0030984282266873693,0.013166678001845277,0.001
Direct Random Forest,0.7598947368421057,0.5962712719298254,0.9295905701754387,0.02831578947368485,-0.13854572368421053,0.19415701754386042,0.3665,-0.15962447326233745,0.20639277777777695,0.349
Direct Decision Tree + anchor,0.7838658606156195,0.6480675813123723,0.9309130690140563,0.052286913247198585,-0.11756086084481558,0.21152987472223853,0.2565,-0.1990144536599127,0.2474820497801371,0.289
Direct Gradient Boosting,0.8194847314606831,0.6565657182532553,0.9963484142966534,0.08790578409226224,-0.07926913839480303,0.2547469263469188,0.146,-0.12262049418604391,0.2921681760149443,0.183
Direct Linear Regression + anchor,0.8197507130881724,0.6858959905842265,0.95901233189985,0.0881717657197515,-0.0732495648609116,0.24787283310244854,0.1365,-0.13924432985566446,0.28704061686381105,0.1915
Direct Decision Tree,0.8881578947368421,0.7183223684210529,1.0763486842105268,0.15657894736842126,-0.021118421052631755,0.3355592105263155,0.0395,-0.04416733266733268,0.3621834505738616,0.057
Direct Linear Regression,0.9000588710636283,0.751457143567004,1.067260740444956,0.16847992369520737,-0.009531279496265681,0.3480734632239217,0.0335,-0.016810304080797655,0.35847101341492615,0.036
