Method,Family,MAE,RMSE,R2,Within-Kraj r,Anchor gap,MAE sd
Kraj mean,Baseline,0.7315789473684209,0.9733285267845752,0.4618511259132647,,4.440892098500626e-16,
Direct Linear Regression,Baseline,0.9000588710636283,1.1321782946070837,0.27186286429130047,0.42517334459163425,0.817537064485303,
Direct Linear Regression + anchor,Baseline,0.8197507130881724,1.017792420051185,0.4115603125067854,0.47887604631991837,8.881784197001252e-16,
Direct Decision Tree,Baseline,0.8881578947368421,1.1889291953598193,0.1970370341230837,0.26981679900366856,0.9771190332865136,
Direct Decision Tree + anchor,Baseline,0.7838658606156195,1.007930924522216,0.4229079759562895,0.4025470853683169,4.440892098500626e-16,
Direct Random Forest,Baseline,0.7598947368421057,1.066005263693488,0.3544911065238199,0.2942441121316607,1.1066399773834625,
Direct Random Forest + anchor,Baseline,0.6494450710748307,0.8551685688434539,0.5845803912149843,0.49735804745452133,1.7763568394002505e-15,
Direct Gradient Boosting,Baseline,0.8194847314606831,1.1143790498796549,0.2945773346585281,0.31192883090517104,1.0617048435955492,
Direct Gradient Boosting + anchor,Baseline,0.7167570257367901,0.9461577188536101,0.49147699427394265,0.4478541823154529,1.7763568394002505e-15,
Method A: Simulated labels,Method A,0.7395412195019417,0.9786466263663298,0.4557153792762076,0.01449785502318937,7.638334409421077e-16,0.01430687148753801
Method A: Linear Regression,Method A,0.6403205602863871,0.8140235650473729,0.6235856477699976,0.572844005316784,8.171241461241152e-16,0.002941339639783323
Method A: Decision Tree,Method A,0.7395412195019417,0.9786466263663298,0.45571537927620753,0.014497855023189376,5.151434834260726e-16,0.014306871487538005
Method A: Random Forest,Method A,0.7215376245897103,0.9445711826581988,0.49306551834358314,0.2530619979928581,9.414691248821328e-16,0.009711343226249478
Method A: Gradient Boosting,Method A,0.7259450917119092,0.9556600760311186,0.4809841114792301,0.1992105451021956,8.79296635503124e-16,0.013314604628981834
Method B: Simulated labels,Method B,0.7031033292160445,0.8723269323777438,0.5677429411063091,0.5182175188337833,1.7763568394002505e-15,0.0
Method B: Linear Regression,Method B,0.6913767574180865,0.875905887696879,0.5641887638986403,0.5364839418333136,8.881784197001252e-16,0.0
Method B: Decision Tree,Method B,0.7031033292160445,0.8723269323777438,0.5677429411063091,0.5182175188337834,4.440892098500626e-16,0.0
Method B: Random Forest,Method B,0.6969684722435313,0.872859318636961,0.5672151620496028,0.5142487072172816,8.881784197001252e-16,0.0
Method B: Gradient Boosting,Method B,0.6964735580920376,0.8639980521237297,0.5759578199847653,0.5301979651637343,8.881784197001252e-16,0.0
