cv,cluster_share,model,MAE,MAE sd
0.0,0.5,Linear Regression,0.6403090567766986,1.1102230246251565e-16
0.0,0.5,Decision Tree,0.7315789473684209,0.0
0.0,0.5,Random Forest,0.7209213851184572,1.0235750533041807e-16
0.0,0.5,Gradient Boosting,0.7221807641220666,0.0
0.02,0.5,Linear Regression,0.6402966770851253,0.0013806653073848928
0.02,0.5,Decision Tree,0.7388403448710232,0.007236546370371804
0.02,0.5,Random Forest,0.7239165686175975,0.0048336957380930206
0.02,0.5,Gradient Boosting,0.7259784583780569,0.006285301272657541
0.04,0.5,Linear Regression,0.6406752476017087,0.00282546049112844
0.04,0.5,Decision Tree,0.7466271082385253,0.014318434400925874
0.04,0.5,Random Forest,0.7263604880945744,0.009123195870251349
0.04,0.5,Gradient Boosting,0.7327426221462385,0.01282141922369548
0.06,0.5,Linear Regression,0.6414711140570292,0.004021474189329206
0.06,0.5,Decision Tree,0.7559754432792086,0.021855373962191182
0.06,0.5,Random Forest,0.7291056011141066,0.013621848475905207
0.06,0.5,Gradient Boosting,0.7399258428615931,0.02037710873871345
0.08,0.5,Linear Regression,0.6423985719735195,0.005161342914666311
0.08,0.5,Decision Tree,0.7674266611390722,0.02991184103990874
0.08,0.5,Random Forest,0.7335064246535141,0.01843459824686912
0.08,0.5,Gradient Boosting,0.7480634973105793,0.026372622778032023
0.1,0.5,Linear Regression,0.6435252166211671,0.006303465031349503
0.1,0.5,Decision Tree,0.7812648061621713,0.03770343468007692
0.1,0.5,Random Forest,0.7391356397192383,0.02295822235362959
0.1,0.5,Gradient Boosting,0.7599061475104744,0.03338907709879577
0.15,0.5,Linear Regression,0.6472090917378925,0.009238590133188984
0.15,0.5,Decision Tree,0.8247158773558725,0.056011859329153674
0.15,0.5,Random Forest,0.7566713905495985,0.03540368488703444
0.15,0.5,Gradient Boosting,0.7962885513573121,0.05085409611607973
0.2,0.5,Linear Regression,0.6525659029601308,0.012139649276476297
0.2,0.5,Decision Tree,0.8814511375856314,0.07277299593354851
0.2,0.5,Random Forest,0.7810200766743022,0.04524896667197849
0.2,0.5,Gradient Boosting,0.8434111353066583,0.061903722858551995
