okres,kraj,y_true,Kraj mean,Direct Linear Regression,Direct Linear Regression + anchor,Direct Decision Tree,Direct Decision Tree + anchor,Direct Random Forest,Direct Random Forest + anchor,Direct Gradient Boosting,Direct Gradient Boosting + anchor,Method A: Simulated labels,Method A: Linear Regression,Method A: Decision Tree,Method A: Random Forest,Method A: Gradient Boosting,Method B: Simulated labels,Method B: Linear Regression,Method B: Decision Tree,Method B: Random Forest,Method B: Gradient Boosting
benesov,stredoceskykraj,1.9,3.1,2.4880675852521037,2.73634145268757,3.1,3.2787133208300694,3.165666666666673,3.1505889025908527,3.0986534034733713,3.1895360853925276,3.084079869544452,3.1148024667341963,3.0840798695444516,3.049383006180326,3.0310654346843022,2.979075900960435,3.0661180797703182,2.9790759009604355,3.0530523468880952,2.948445181866029
beroun,stredoceskykraj,3.4,3.1,2.5831742664364388,2.840938432164664,2.5,2.644123645830701,3.095000000000004,3.08025881442098,2.8572068046665193,2.9410079219243204,3.121065032850124,3.3879233452569304,3.1210650328501246,3.0661637809929148,3.1203802441912636,3.0906162708640887,3.136089767852422,3.0906162708640896,3.199233551076975,3.1160844395745575
blansko,jihomoravskykraj,3.0,4.0,2.0522744935317325,2.5794795227675698,2.6,2.706856522055169,2.7913333333333337,3.122697245276094,2.6360771144875215,2.7301673828039443,3.9827238869076442,3.5038287971997226,3.982723886907644,3.8014488004574623,3.916322637382253,3.0176799367373466,2.9116972674277553,3.0176799367373466,2.987445835800969,2.9949456799445855
breclav,jihomoravskykraj,3.0,4.0,2.1510922318392587,2.70368236856322,2.8,2.915076254520951,2.848333333333333,3.186463811904015,2.8095522321694735,2.9098343983932877,4.032943130776245,3.875975404589968,4.032943130776245,3.775001871917,3.8269009862392602,3.2661219078075865,3.1896765899026724,3.2661219078075865,3.1351614041541604,3.1557431609087745
brno-mesto,jihomoravskykraj,4.8,4.0,4.289577658450915,5.391519392834236,5.3,5.517822910343229,4.432999999999997,4.959248944939903,5.180909913162741,5.3658336398525295,3.983471913455663,4.240453739285515,3.983471913455663,4.208839829674789,4.049658308125685,5.153726125137525,5.116964705982159,5.153726125137525,5.3758334932144445,5.2045372889294175
brno-venkov,jihomoravskykraj,3.0,4.0,1.9840111184538063,2.4936800945119995,2.8,2.915076254520951,2.990000000000001,3.344947968727797,2.958955258197007,3.064570110148776,4.008702595074668,3.4154084313713016,4.008702595074668,3.818343340525985,3.9779126982362287,2.51742645335614,2.5002809586598564,2.51742645335614,2.452161370584916,2.483533871842003
bruntal,moravskoslezskykraj,5.7,4.9,3.9524709554068584,4.425635397512878,4.9,5.992594564774527,4.46466666666666,5.475544007598691,5.1411592267648825,6.131053420136481,4.909530888032057,5.087232914640836,4.909530888032057,4.771291778443663,4.832132645359052,4.720004286757748,4.826553151718604,4.720004286757748,4.569770965520939,4.679362005065184
ceskalipa,libereckykraj,2.9,3.7,3.0180469860768713,3.773398092849183,3.2,3.0211652176318324,3.2860000000000036,3.233299563419058,3.2224360780699315,2.9956530538803574,3.7114446106427255,4.298698380909401,3.711444610642726,4.004592823609715,3.8105160299800853,4.183701498897299,4.237349253793574,4.183701498897298,4.159075454763646,4.177663979250586
ceskebudejovice,jihoceskykraj,2.4,2.6,2.715189648363574,2.2275961493101057,2.7,2.665160526388403,2.859000000000008,2.576885463701749,2.6887584792733987,2.5492673262946695,2.5936691469909947,2.5003148540886078,2.5936691469909947,2.580595530998938,2.6757829583142088,2.8339774489077008,2.6740922162815552,2.8339774489077008,2.8659422422208585,2.868822418887418
ceskykrumlov,jihoceskykraj,3.5,2.6,2.654592714537088,2.177881207102207,2.5,2.4677412281374096,3.009333333333335,2.7123845128016018,2.6333480797571553,2.4967315845712754,2.603642839806214,2.594650270869357,2.6036428398062146,2.5842150164419513,2.5368699294251438,2.154236087238942,2.220008581848278,2.154236087238942,2.2402443537123253,2.102163476178721
cheb,karlovarskykraj,3.5,4.0,3.4742132285311627,3.3779906737546344,3.2,3.471214941891576,3.389666666666679,3.5515055064168513,3.216485579046968,3.3430204435777413,3.999684773777838,3.666215965277974,3.999684773777838,3.8457931456650964,3.9158508894619826,3.761808010117418,3.653413557481324,3.761808010117416,3.591308215935721,3.7241317679462704
chomutov,usteckykraj,6.1,5.3,4.891516240784052,5.436155356054074,5.3,6.3063895400960845,4.572999999999997,5.7798280780281885,5.207917775661826,6.014641703616964,5.334630161490379,5.331418614448016,5.334630161490379,5.1446892777776405,5.322549550136475,5.56829159284044,5.481283047815496,5.56829159284044,5.522092082848412,5.56580060814561
chrudim,pardubickykraj,2.3,2.5,2.2774327124174096,2.2235142832664865,2.5,1.797465068112036,2.778666666666664,1.9985298818125816,2.590958806053406,1.8186226258418896,2.5044608514988647,2.381945824630269,2.5044608514988647,2.3855183066056567,2.5715479123983864,2.332586887317336,2.288209785630191,2.332586887317336,2.261869422898397,2.382464975136389
decin,usteckykraj,4.8,5.3,4.9751247389709885,5.5290731269164075,4.9,5.830435612541664,4.454999999999997,5.630687532826499,5.16265436665561,5.9623668407669905,5.349790610240785,5.682654449463542,5.349790610240785,5.483477246460261,5.368366655494015,5.649438046771795,5.793063598013871,5.649438046771795,5.671930697073216,5.673158102771546
domazlice,plzenskykraj,3.2,2.7,2.4425977695345393,2.7439270601791126,3.1,2.725366183444381,2.9593333333333383,2.5719613894768685,3.0124668353521913,2.7868404044698964,2.703673091691944,2.6966076639959926,2.703673091691944,2.6570542517112723,2.796450811481328,2.677548107593748,2.8594682444543076,2.6775481075937475,2.8009229787790053,2.754765599534934
frydek-mistek,moravskoslezskykraj,3.1,4.9,4.022009986959863,4.5034991953805745,2.7,3.302041903039025,3.092000000000006,3.792081993018189,2.801261282954687,3.3406245191053054,4.900906095919238,4.229180536991175,4.900906095919238,4.6933349196606216,4.764612737067458,3.9178353417459424,3.956976344474358,3.9178353417459424,3.8646690249315707,3.8550398756477553
havlickuvbrod,krajvysocina,2.7,2.8,3.1931812326274795,3.4297985817162164,2.5,2.237013269040487,2.7796666666666656,2.5027947392765544,2.5973659010248107,2.3406667884317627,2.8223053235470026,2.7869957768257922,2.8223053235470026,3.036048426575138,2.8660934218693637,2.66317707613702,2.772853738890588,2.6631770761370195,2.7209908419233364,2.678569447702039
hlavnimestopraha,hlavnimestopraha,3.1,3.1,3.222790226225537,3.1,3.1,3.1,3.1570000000000134,3.1,3.0998648567441642,3.1000000000000005,3.099999999999997,3.099999999999997,3.099999999999997,3.099999999999997,3.099999999999997,3.1,3.1,3.1,3.1,3.1
hodonin,jihomoravskykraj,4.8,4.0,3.169442711852442,3.9836350349699843,2.5,2.602746655822278,2.769666666666667,3.098458491879516,2.601938558328673,2.6948103092158187,4.002738082093101,4.0195992304352295,4.002738082093101,3.796535222756467,3.99003627043156,3.4695572666437897,3.5874342635555405,3.4695572666437897,3.297397529668978,3.4633759792190912
hradeckralove,kralovehradeckykraj,2.9,2.9,3.1384351833738906,3.4810069752383126,3.7,3.513094901182486,3.2230000000000123,3.0689607999122432,3.346082244321024,3.1434336552959747,2.9005257354703535,3.211754225881628,2.9005257354703535,2.8321024520047935,2.846318299024115,3.631968573524589,3.6561661086752784,3.6319685735245897,3.542126112543695,3.5721599087340894
jablonecnadnisou,libereckykraj,3.9,3.7,3.3265263346204232,4.159083070865608,3.1,2.9267538045808372,3.4550000000000107,3.399589163607081,3.2786019225202003,3.0478661558240248,3.7031960272578974,3.5816724489455334,3.7031960272578974,3.505811265475988,3.6799705356082835,3.795731857446977,3.8990631749667344,3.7957318574469765,3.7901487126574085,3.7856419692083487
jesenik,olomouckykraj,3.3,3.2,2.6079344690990394,2.3649936228264776,2.8,2.16993198289323,2.8879999999999986,2.3776165510427467,2.8502674834269635,2.2050369333651476,3.176497195254693,2.6835781663738594,3.1764971952546937,3.006043637430695,3.098096916900157,2.2472549773346064,2.355549914493142,2.247254977334606,2.334139178081579,2.284304335245679
jicin,kralovehradeckykraj,1.8,2.9,2.437351314896214,2.7033972131102058,3.1,2.9434038361258668,3.007666666666672,2.8639190503266225,3.1301335711188907,2.940563469330823,2.885635366528906,2.6212298746228875,2.8856353665289056,2.8535563302774336,2.847846028063933,2.389531705079954,2.420277391282113,2.3895317050799543,2.5108879720387387,2.4286352090012575
jihlava,krajvysocina,2.6,2.8,3.5456914962758335,3.808430145107527,4.0,3.5792212304647792,3.8213333333333384,3.440704987536451,3.9933186378458263,3.598656742025969,2.7962393285761005,3.2125075041210724,2.7962393285761005,2.7598910248330166,2.778303273243735,3.7624628595333207,3.8158436529666755,3.7624628595333203,3.6301547479887764,3.681723074584108
jindrichuvhradec,jihoceskykraj,2.0,2.6,3.4495292270902853,2.8300630962666546,2.8,2.763870175513899,2.8223333333333342,2.5438369151408016,2.8144726518524337,2.6684595241355513,2.619956973739441,2.687046335015753,2.619956973739441,2.6227173238474633,2.590663641570232,2.694647789047583,2.868228172519824,2.694647789047583,2.6413171214697635,2.6727068136606924
karlovyvary,karlovarskykraj,4.8,4.0,5.5027332039379635,5.350328324816482,4.9,5.315297879771475,4.718999999999993,4.94430754787522,5.116357444113353,5.317632276588653,4.001389582218022,4.416902484970474,4.001389582218022,4.198829970482457,4.024201776864257,4.670666208392542,4.795663886135919,4.67066620839254,4.841785326176925,4.6886559815716415
karvina,moravskoslezskykraj,8.9,4.9,5.0500245414722515,5.654581050994143,4.9,5.992594564774527,4.80066666666667,5.887620187952554,5.078068534559849,6.055815057121248,4.8996964271283225,5.509427144978523,4.899696427128323,5.005451589062186,5.002817029986522,5.841061363839252,5.97624148163627,5.841061363839252,5.805758210082085,5.908708888522094
kladno,stredoceskykraj,4.8,3.1,5.549568921260056,6.103337213909266,3.1,3.2787133208300694,3.5533333333333403,3.536409150428397,3.1594014298789603,3.252065835289633,3.097285210214804,3.8023354769055278,3.097285210214803,3.0387937271244967,3.1050871817661716,4.616054391386317,4.890572548696009,4.616054391386318,4.282592534306077,4.565899242308269
klatovy,plzenskykraj,2.4,2.7,2.379917956641889,2.6735147979277305,2.8,2.461621068917505,2.844333333333329,2.472014703357293,2.7989569944969928,2.5893219308175084,2.699924142377081,2.5246989562230273,2.699924142377081,2.606773559172814,2.6942478774990053,2.4763531194690134,2.635147854164984,2.476353119469013,2.5199051700027515,2.49406812724185
kolin,stredoceskykraj,4.0,3.1,2.3560411991996286,2.5911407052700457,3.1,3.2787133208300694,3.209000000000006,3.193715843449735,3.1293148960372945,3.221096871395572,3.0869635608169843,2.7554418007229065,3.0869635608169848,3.075390477983557,3.0882197574851786,3.111207269835914,3.082632971971195,3.111207269835915,3.1973985823990754,3.180621991782391
kromeriz,zlinskykraj,2.7,2.7,2.823063496808685,2.4386764870471973,2.5,2.0117486589405282,2.7283333333333357,2.242683639040176,2.5324596716863788,2.104166262923885,2.714774498288648,2.7759909415536193,2.714774498288648,2.900676525032419,2.7459125857129267,2.5935061936526247,2.568073169426068,2.5935061936526247,2.5846204142607148,2.5518297954812974
kutnahora,stredoceskykraj,3.0,3.1,3.4428496377541458,3.786397216457642,3.1,3.2787133208300694,3.0563333333333356,3.0417763133468982,3.007913491745296,3.0961347961364876,3.127926372660667,3.528567250971239,3.127926372660667,3.121887156306278,3.140270487374736,4.023567852926317,4.1468842639261,4.023567852926318,3.843235714384258,3.9937490393645483
liberec,libereckykraj,4.3,3.7,3.2036273021181136,4.005425100331476,5.3,5.003804891702722,4.415666666666662,4.344848784399693,5.194351027624421,4.828791988994106,3.6853708616463945,3.5723219080412907,3.685370861646395,3.704558992661985,3.6596632662157513,3.895540518039377,3.8200048767102532,3.8955405180393767,3.903004014298986,3.9040624666761277
litomerice,usteckykraj,3.2,5.3,2.2700811564716834,2.5228402053619536,2.6,3.09370052910374,3.075666666666669,3.887344097672292,2.873483396865098,3.3185956111297132,5.250617536815529,4.350478573363465,5.250617536815529,5.108912332204394,5.162816592695986,3.4977267980686655,3.2767289278892644,3.4977267980686655,3.562750034342321,3.4890237676278257
louny,usteckykraj,5.7,5.3,3.191431699564877,3.546777251278124,2.5,2.9747120472151343,2.7400000000000038,3.4630940157002557,2.531926811517075,2.9241307653174813,5.277794484188769,4.495547661856302,5.277794484188769,5.146977629403558,5.160458094947987,4.051872014490171,3.860912153537939,4.051872014490171,3.9344813494401545,3.9630175418802662
melnik,stredoceskykraj,4.4,3.1,2.353779147522843,2.5886529329088774,3.1,3.2787133208300694,3.0116666666666747,2.9973223896923633,3.1306035749722905,3.2224233469417065,3.0892954677587734,3.0327668253840745,3.0892954677587734,3.0241821025644917,3.0254223444244555,3.023648783043007,2.949828058784246,3.023648783043008,3.046513397422372,3.0326814411616683
mladaboleslav,stredoceskykraj,2.1,3.1,2.402897215004649,2.64267228709485,2.6,2.7498885916639293,2.777333333333338,2.764105163355478,2.560491885956633,2.635590433398929,3.093113916646428,3.0339401093459255,3.093113916646427,3.119213937051319,3.1057385213492097,3.411903899645406,3.076197401252858,3.4119038996454067,3.412879436736236,3.3825362889062873
most,usteckykraj,6.8,5.3,7.423442919562321,8.249995911507385,4.9,5.830435612541664,4.644999999999997,5.870829088659728,5.2040486137709445,6.010173195574135,5.2858922647745885,6.314911289229841,5.2858922647745885,5.5651001103073465,5.397477861943617,6.48930457844853,6.889465974104899,6.48930457844853,6.45577863603319,6.527800723441446
nachod,kralovehradeckykraj,3.4,2.9,2.331993216654974,2.5865388893128882,2.7,2.563609792754787,2.8300000000000014,2.69474373681403,2.795116642065615,2.6258361515348247,2.9107734430413923,2.689059812867222,2.9107734430413923,2.8607536284165436,2.933974348348764,2.6672614005427753,2.6351605613092195,2.6672614005427757,2.6066463038724317,2.679283077524765
novyjicin,moravskoslezskykraj,3.2,4.9,2.7782444019682586,3.1108379813576774,2.5,3.0574462065176156,2.782333333333332,3.412301465688093,2.5992860463234377,3.0997603655727337,4.87464804394286,3.882654309989901,4.87464804394286,4.511767576704333,4.8260822139821,3.3665322045977475,3.2064520738435736,3.3665322045977475,3.351844428249605,3.336560835440049
nymburk,stredoceskykraj,4.2,3.1,2.6634215985952876,2.9291933102698327,2.5,2.644123645830701,3.048333333333335,3.03381441657295,2.826484800487817,2.909384849516896,3.112787768632625,3.526712616550105,3.112787768632626,3.126368391028235,3.1225652771675088,3.224178883580383,3.3417438943238844,3.2241788835803837,3.301988522483494,3.240143488281424
olomouc,olomouckykraj,3.0,3.2,4.029025833897104,3.653703924033653,4.0,3.0999028327046148,4.0516666666666685,3.3356335616256483,3.992619025710387,3.088788144880568,3.204797068317126,3.293199981084143,3.2047970683171254,3.210076189613973,3.198773613890176,3.5646976198696154,3.5979406774795124,3.564697619869615,3.4847643148120184,3.56148260792422
opava,moravskoslezskykraj,2.8,4.9,2.9799475689220127,3.336687756228217,3.2,3.913531144342548,3.031000000000005,3.7172705436087092,3.117123249026824,3.7173034940135015,4.8923881571856835,4.278338492486903,4.892388157185684,4.849865332401225,4.877528897990588,3.8137303009557826,3.5981601763909654,3.8137303009557826,3.88557373270804,3.809627989867422
ostrava-mesto,moravskoslezskykraj,6.3,4.9,5.530626533097514,6.192717626885314,4.9,5.992594564774527,4.7790000000000035,5.861047815211482,4.999993543521018,5.962707273502385,4.911343260142414,5.519516751511344,4.911343260142415,5.164027168771834,4.963993558683718,5.9923665972221825,6.011248150479421,5.9923665972221825,6.061059664634524,6.005057610533068
pardubice,pardubickykraj,2.2,2.5,4.096771910409574,3.9997804582386585,5.3,3.810625944397516,4.627666666666662,3.3284057520638277,5.129438049718855,3.600409266746452,2.4876416387664473,3.080115938679003,2.4876416387664477,2.907087916515992,2.5049609759659046,3.801050659314462,4.003286134919031,3.801050659314462,3.8637105582413067,3.7872810816082163
pelhrimov,krajvysocina,1.9,2.8,1.8644215063790184,2.0025766696111513,3.1,2.773896453610204,2.8380000000000045,2.555317713179113,2.937605124659931,2.6472799808858225,2.7889606915095935,2.470121501329013,2.7889606915095935,2.6873988006197114,2.698148476151758,2.4144142534511808,2.2547177994086467,2.4144142534511803,2.454885082585624,2.4416964945077773
pisek,jihoceskykraj,2.4,2.6,3.2917454248610736,2.7006140942490116,2.7,2.665160526388403,2.809000000000004,2.531819261118644,2.738784324382899,2.596697861015806,2.596157273178893,2.613503513300781,2.596157273178893,2.6275599608141214,2.5596092258890795,2.8875917873654138,2.870820993881067,2.8875917873654138,2.8816392301571416,2.930327809160993
plzen-jih,plzenskykraj,2.3,2.7,1.8020538853504509,2.0243629473453058,2.8,2.461621068917505,3.117666666666665,2.7095691457284405,2.9228983080098163,2.7039803417341637,2.7006445970766846,2.599979087605557,2.7006445970766846,2.609844034422078,2.691647621474919,2.0385400880263,2.1397810191808606,2.0385400880262994,2.05470519873222,2.0193518140750895
plzen-mesto,plzenskykraj,2.7,2.7,3.0750087806194757,3.454354993961213,3.7,3.2528564124981325,3.239333333333342,2.815309842637557,3.0238482468312524,2.7973693759418885,2.70697720977884,2.7265485817586153,2.70697720977884,2.8031603346817184,2.6920552847958885,3.4331605858303234,3.2103889990449535,3.433160585830323,3.3287658457696696,3.3960203691071698
plzen-sever,plzenskykraj,2.8,2.7,1.6319173856225249,1.833237682534893,2.6,2.285790992566255,3.2060000000000035,2.786339788689852,2.9299164750291307,2.710472865132336,2.684909337276258,2.570957895476309,2.684909337276258,2.6570685008250816,2.686315202255005,1.8763676257803046,1.976584069955829,1.8763676257803044,2.0393788981233323,1.8930055214420398
prachatice,jihoceskykraj,2.4,2.6,2.044777094162463,1.677576217889251,2.6,2.5664508772629064,2.9450000000000034,2.6543993321446795,2.8959828799481557,2.7457410512213913,2.6009405156338175,2.2577072818633876,2.6009405156338175,2.6059785078688638,2.6106978334603763,1.7127840208491736,1.6572020685858557,1.7127840208491736,1.738992180801761,1.7591309295132866
praha-vychod,stredoceskykraj,1.5,3.1,2.7807698941155365,3.0582513018363087,3.1,3.2787133208300694,3.1020000000000088,3.087225474098189,3.15978253938847,3.252458122639908,3.099960286241733,2.6207772385363395,3.0999602862417333,3.1062905626675983,3.085691299844063,2.1994978510599945,2.2078621262237905,2.199497851059995,2.223060825865708,2.1891055200773253
praha-zapad,stredoceskykraj,2.0,3.1,1.5989550418524545,1.7585080839198077,3.1,3.2787133208300694,3.1670000000000096,3.1519158853865137,3.1598127684578583,3.252489238319878,3.0882312718123273,2.4979665532853708,3.0882312718123273,3.057679531848831,3.0457999807818483,1.7943112829996133,1.7409484928197758,1.7943112829996137,1.9772555408562809,1.8252951274912388
prerov,olomouckykraj,4.2,3.2,3.86193068857924,3.5021744443766987,5.3,4.107371253333614,4.484666666666661,3.6921113893962483,5.194577321165089,4.018652604708607,3.2001625315250197,3.456860915650394,3.20016253152502,3.283390021509668,3.319128262127971,3.4524482440157485,3.5201854988540884,3.452448244015748,3.544426575093199,3.4797467845754064
pribram,stredoceskykraj,4.0,3.1,2.349587068805956,2.5840425441742862,2.8,2.961418483330385,2.9123333333333328,2.8984621714158387,2.9673502065798045,3.0543818005828776,3.085949659768638,3.257427280192747,3.085949659768638,3.374859143188097,3.260205675941404,3.3712406973659723,3.1811143134279423,3.371240697365973,3.4286269740006707,3.4034461135729392
prostejov,olomouckykraj,2.2,3.2,3.742270915367012,3.393661518185901,5.3,4.107371253333614,4.332666666666662,3.5669736761834723,5.179794195575535,4.007216015649832,3.2039764655158467,3.2768155952077587,3.203976465515848,3.2673384805661367,3.199824787909772,3.313524608207583,3.28359528327239,3.3135246082075827,3.362001670326768,3.3274002185227665
rakovnik,stredoceskykraj,3.1,3.1,1.9437525947381074,2.1377115438011627,2.8,2.961418483330385,3.0496666666666656,3.035141399368605,2.8244107722303746,2.9072499905611244,3.1627286652137165,2.8373248710278607,3.1627286652137174,3.0335379837491177,3.0926298415783835,2.444702115577871,2.485881299770231,2.4447021155778716,2.3626895872888065,2.426424406626934
rokycany,plzenskykraj,3.3,2.7,1.1278393448521506,1.2669744222620103,2.5,2.19787595439063,3.0953333333333366,2.6901592095834856,2.86430883787266,2.649779080250194,2.692100391651506,2.6658386178574376,2.6921003916515054,2.5756040111677994,2.6520899115796066,1.7717253947863008,1.6821652837723386,1.7717253947863005,1.8434990561364937,1.8039345834524234
rychnovnadkneznou,kralovehradeckykraj,1.8,2.9,1.9862682271124565,2.2030767402498204,2.5,2.3737127710692474,3.0316666666666707,2.8867720007448323,2.894062584033446,2.7187896360358477,2.921520656535601,2.760387050364516,2.9215206565356002,3.0055550591650446,3.036570294237446,2.1981091892933384,2.217785589486576,2.198109189293339,2.385833735115166,2.2590670916195497
semily,libereckykraj,3.7,3.7,1.7507812213664815,2.1889634429741034,2.5,2.3602853262748686,3.1736666666666693,3.1227678173374764,2.894001212163691,2.690332208030684,3.716638141242944,3.29880617257939,3.7166381412429432,3.4941289313953563,3.666961770669904,2.347593125892751,2.3260470671875435,2.3475931258927507,2.3722726274782313,2.347915122337368
sokolov,karlovarskykraj,5.2,4.0,2.9525189079837038,2.870745311009545,2.6,2.8203621402869055,3.0773333333333377,3.2242598913600453,2.838149549368929,2.949800871882826,3.9985021362993574,3.797859241672688,3.9985021362993574,3.8984451056677183,4.055214555275326,3.366016261921302,3.314006716631058,3.3660162619213008,3.3176694473729733,3.381348872275044
strakonice,jihoceskykraj,2.6,2.6,4.387588646826223,3.5996658945416273,2.5,2.4677412281374096,2.807333333333339,2.5303170543658755,2.6287127552269482,2.492336737855693,2.6229882573712926,2.51190712556663,2.6229882573712926,2.535742717530897,2.546763145408845,2.119991464070077,2.2341029598182574,2.119991464070077,2.0020726568461193,2.0739637153644006
sumperk,olomouckykraj,3.4,3.2,2.2410240234673173,2.032262538380471,2.5,1.9374392704403842,2.8203333333333322,2.3219083146782875,2.760120729343528,2.135297190224281,3.1938645327300974,2.82739314907327,3.1938645327300974,3.0905931195801277,3.1071377457046214,2.3793707183285178,2.230491205760056,2.3793707183285173,2.373305915296835,2.332191852299162
svitavy,pardubickykraj,2.2,2.5,1.2321746083726928,1.2030027610724978,2.5,1.797465068112036,2.7483333333333317,1.9767129169319508,2.609966768493658,1.8319645247884229,2.4814686637608294,2.0956778809083745,2.4814686637608294,2.200354302682495,2.480687509904143,1.6188916097569006,1.4185038165828008,1.6188916097569006,1.619190169114512,1.6103136914642537
tabor,jihoceskykraj,3.1,2.6,3.7601979483759314,3.084941958103834,2.5,2.4677412281374096,2.9923333333333364,2.6970620039233486,2.8549496020023226,2.7068365547541786,2.579635138633096,2.943060499804231,2.579635138633096,2.649714010317825,2.5545583359090394,2.8761985271990564,2.96482193099458,2.8761985271990564,2.8802270733180246,2.835702505703172
tachov,plzenskykraj,3.2,2.7,2.7465620729406224,3.0853896979687896,2.5,2.19787595439063,2.9953333333333334,2.603249047740381,2.6223117331845427,2.4259069694620496,2.6967109623557417,3.2220530497975,2.6967109623557417,2.7678840515327776,2.7186200141541725,3.013041168298287,3.2784672547384273,3.0130411682982867,2.9166224788675708,3.0270893847029234
teplice,usteckykraj,4.4,5.3,4.237078494189632,4.708850143062904,5.3,6.3063895400960845,4.572666666666657,5.779406777053034,5.287068495586609,6.106053135486279,5.280966830202894,5.14644438528662,5.280966830202894,5.296708143637179,5.316126941470673,5.360911528200408,5.162986728249408,5.360911528200408,5.473742369801305,5.370658315401193
trebic,krajvysocina,3.5,2.8,2.4823177802062686,2.6662595642637124,3.1,2.773896453610204,3.0840000000000023,2.7768145974081673,3.011711880827748,2.7140627252392386,2.801939452047151,2.879024553191028,2.801939452047151,2.7638147921339464,2.840413773836754,2.746787222085695,2.8308324680403745,2.7467872220856946,2.7953679490097794,2.778527623021138
trutnov,kralovehradeckykraj,3.1,2.9,2.66002142285649,2.950372585771406,2.8,2.658558303597557,3.0266666666666646,2.882010969407699,3.085607813149521,2.8987343223138824,2.8849567802775526,2.927838107784894,2.8849567802775526,2.993003441567387,2.890172246596456,2.874269122303648,2.8366614351296895,2.8742691223036485,2.854334808878397,2.882106973091332
uherskehradiste,zlinskykraj,2.5,2.7,2.9653912057515788,2.5616249214861315,4.0,3.218797854304845,3.6153333333333375,2.9717955710482293,3.999544365495611,3.3231353750794836,2.7202231222319444,2.520638948472505,2.7202231222319444,2.6539994604673196,2.6827326110368155,2.5430479956009178,2.5708605444889825,2.5430479956009178,2.6076313221259606,2.5227019469051206
ustinadlabem,usteckykraj,6.1,5.3,5.968375282205093,6.632915779116255,4.9,5.830435612541664,4.764333333333331,6.021654837762004,5.077937910743853,5.864527521741889,5.307654885269796,5.5394236471200395,5.307654885269796,5.311426610921176,5.323450619065395,6.0469445318599755,6.166232280252469,6.0469445318599755,6.002584953040515,6.048630187959719
ustinadorlici,pardubickykraj,2.2,2.5,1.7021008913784317,1.661803496061713,2.5,1.797465068112036,3.000333333333336,2.1579615482479704,2.902321165153631,2.037171307423477,2.526861607269189,2.112197181844022,2.526861607269189,2.263561583087064,2.4535379709689433,1.5376487474565665,1.448841508663593,1.5376487474565665,1.5070829124445955,1.5246930080015835
vsetin,zlinskykraj,3.4,2.7,2.315295488515777,2.000045934068665,2.9,2.3336284443710125,2.880666666666668,2.367901283883347,2.8237050279685985,2.346155764187772,2.6980854798299005,2.497012201424422,2.6980854798299005,2.604597584637663,2.711241786239616,2.3371906866502887,2.2575402392481427,2.3371906866502887,2.4201120516297228,2.4079642791007516
vyskov,jihomoravskykraj,2.5,4.0,2.428310191671792,3.0521143414718996,2.5,2.602746655822278,2.778333333333333,3.1081539932381466,2.5973770972295402,2.690086034556956,4.017082856931839,3.7503406482466968,4.017082856931839,3.886659497012868,4.025547374569701,3.440155565618379,3.364587602002748,3.440155565618379,3.274965616409933,3.3939811271830878
zdarnadsazavou,krajvysocina,3.1,2.8,1.7440250942758286,1.873258784595442,2.8,2.505454861325345,2.849333333333329,2.565522176680173,2.8166945516958055,2.5383190669091973,2.7905166717957814,2.520946932763878,2.7905166717957814,2.751886969013453,2.794266607154891,2.21797301514526,2.0933698484817156,2.2179730151452595,2.2336850507671455,2.240514438848029
zlin,zlinskykraj,2.4,2.7,3.9889401526559616,3.445807920904793,3.7,2.977388015231982,3.64900000000001,2.9994694925562433,3.424293092821468,2.8451714674217037,2.679225847869368,2.930977875365234,2.679225847869368,2.69208251942304,2.678944363212825,3.1303525546401105,3.182456351126157,3.1303525546401105,3.030012535506529,3.1159661570591384
znojmo,jihomoravskykraj,4.5,4.0,3.6547693537181445,4.593636347412243,4.9,5.101383445411665,4.339333333333329,4.854462949487001,5.052913606479509,5.233268723710511,4.017331148726166,4.904173063019177,4.017331148726166,4.261019160369739,4.083908600262377,4.909510463775077,5.178241174538921,4.909510463775077,4.637536982005288,4.943110465889432
